{"cameraMode":{"drawMode":0,"name":"Shaded","section":"Shading Mode"},"sceneLighting":true,"audioPlay":false,"sceneViewState":{"m_AlwaysRefresh":false,"showFog":true,"showSkybox":true,"showFlares":true,"showImageEffects":true,"showParticleSystems":true,"showVisualEffectGraphs":true,"m_FxEnabled":true},"in2DMode":false,"pivot":{"x":0.5308742523193359,"y":-1.1912121772766114,"z":0.40128040313720705},"rotation":{"x":-0.10316233336925507,"y":0.8903831243515015,"z":-0.25161412358283999,"w":-0.36505863070487978},"size":7.465648651123047,"orthographic":false}