{"cameraMode":{"drawMode":0,"name":"Shaded","section":"Shading Mode"},"sceneLighting":true,"audioPlay":false,"sceneViewState":{"m_AlwaysRefresh":false,"showFog":true,"showSkybox":true,"showFlares":true,"showImageEffects":true,"showParticleSystems":true,"showVisualEffectGraphs":true,"m_FxEnabled":true},"in2DMode":false,"pivot":{"x":11.57149600982666,"y":-101.97388458251953,"z":106.70270538330078},"rotation":{"x":0.3924715518951416,"y":0.044404782354831699,"z":-0.018978912383317949,"w":0.918513298034668},"size":85.6646499633789,"orthographic":false}