{"cameraMode":{"drawMode":0,"name":"Shaded","section":"Shading Mode"},"sceneLighting":true,"audioPlay":false,"sceneViewState":{"m_AlwaysRefresh":false,"showFog":true,"showSkybox":true,"showFlares":true,"showImageEffects":true,"showParticleSystems":true,"showVisualEffectGraphs":true,"m_FxEnabled":true},"in2DMode":false,"pivot":{"x":-1.9490470886230469,"y":0.893474817276001,"z":-0.48984193801879885},"rotation":{"x":0.024325791746377946,"y":0.9710454940795898,"z":-0.11296176165342331,"w":0.20910462737083436},"size":3.467987537384033,"orthographic":false}