{"cameraMode":{"drawMode":0,"name":"Shaded","section":"Shading Mode"},"sceneLighting":true,"audioPlay":false,"sceneViewState":{"m_AlwaysRefresh":false,"showFog":true,"showSkybox":true,"showFlares":true,"showImageEffects":true,"showParticleSystems":true,"showVisualEffectGraphs":true,"m_FxEnabled":true},"in2DMode":false,"pivot":{"x":3.7895796298980715,"y":0.6914605498313904,"z":-1.7574368715286255},"rotation":{"x":-0.0036561526358127596,"y":0.9902246594429016,"z":-0.13692933320999146,"w":-0.026444556191563607},"size":3.467987537384033,"orthographic":false}